{"cameraMode":{"drawMode":0,"name":"Shaded","section":"Shading Mode"},"sceneLighting":false,"audioPlay":false,"sceneViewState":{"m_AlwaysRefresh":false,"showFog":true,"showSkybox":true,"showFlares":true,"showImageEffects":true,"showParticleSystems":true,"showVisualEffectGraphs":true,"m_FxEnabled":true},"in2DMode":false,"pivot":{"x":-1.0448722839355469,"y":4.610010623931885,"z":11.628804206848145},"rotation":{"x":0.05293489620089531,"y":-0.19495244324207307,"z":0.010535241104662419,"w":0.9793209433555603},"size":12.12435531616211,"orthographic":false}