{"cameraMode":{"drawMode":0,"name":"Shaded","section":"Shading Mode"},"sceneLighting":true,"audioPlay":false,"sceneViewState":{"m_AlwaysRefresh":false,"showFog":true,"showSkybox":true,"showFlares":true,"showImageEffects":true,"showParticleSystems":true,"showVisualEffectGraphs":true,"m_FxEnabled":true},"in2DMode":false,"pivot":{"x":-0.48062801361083987,"y":3.2238516807556154,"z":13.191841125488282},"rotation":{"x":-0.013246134854853154,"y":-0.19286741316318513,"z":-0.0026053704787045719,"w":0.9811340570449829},"size":11.481072425842286,"orthographic":false}